

Relaxado ;Tempo ; Iterações ; K ; K medio 
;54.9;148.6;1;2.00864
Inteiro ;Tempo ; P Novos gerados ; P Novos Usados; P Homogeneos gerados; P Homogeneos usados
;38.28;295.54;56.44;199;1.18;

Relaxado ;Tempo ; Iterações ; K ; K medio 
;54.16;108.48;2;3.28664
Inteiro ;Tempo ; P Novos gerados ; P Novos Usados; P Homogeneos gerados; P Homogeneos usados
;35.16;351.36;57.32;199;1;

Relaxado ;Tempo ; Iterações ; K ; K medio 
;51.84;79.24;4;5.27568
Inteiro ;Tempo ; P Novos gerados ; P Novos Usados; P Homogeneos gerados; P Homogeneos usados
;63.5;409.26;57.62;199;0.78;

Relaxado ;Tempo ; Iterações ; K ; K medio 
;52.08;63.88;6;7.59837
Inteiro ;Tempo ; P Novos gerados ; P Novos Usados; P Homogeneos gerados; P Homogeneos usados
;54.8;472.8;57.6;199;0.38;

Relaxado ;Tempo ; Iterações ; K ; K medio 
;57.3;55.18;8;9.87469
Inteiro ;Tempo ; P Novos gerados ; P Novos Usados; P Homogeneos gerados; P Homogeneos usados
;54.54;528.46;56.98;199;0.44;