

Relaxado ;Tempo ; Iterações ; K ; K medio 
;63.86;154.84;1;1.86136
Inteiro ;Tempo ; P Novos gerados ; P Novos Usados; P Homogeneos gerados; P Homogeneos usados
;78.58;285.52;59.6;199;1.66;

Relaxado ;Tempo ; Iterações ; K ; K medio 
;56.16;111.38;2;3.15263
Inteiro ;Tempo ; P Novos gerados ; P Novos Usados; P Homogeneos gerados; P Homogeneos usados
;87.42;346.04;60.92;199;1.24;

Relaxado ;Tempo ; Iterações ; K ; K medio 
;56.44;81.24;4;5.11621
Inteiro ;Tempo ; P Novos gerados ; P Novos Usados; P Homogeneos gerados; P Homogeneos usados
;81.74;407.1;61.7;199;0.7;

Relaxado ;Tempo ; Iterações ; K ; K medio 
;58.64;66.48;6;7.33215
Inteiro ;Tempo ; P Novos gerados ; P Novos Usados; P Homogeneos gerados; P Homogeneos usados
;83.9;474.64;60.74;199;0.58;

Relaxado ;Tempo ; Iterações ; K ; K medio 
;62.56;56.88;8;9.59713
Inteiro ;Tempo ; P Novos gerados ; P Novos Usados; P Homogeneos gerados; P Homogeneos usados
;85.58;529.36;60.74;199;0.52;