

Relaxado ;Tempo ; Iterações ; K ; K medio 
;56.04;151.48;1;2.06436
Inteiro ;Tempo ; P Novos gerados ; P Novos Usados; P Homogeneos gerados; P Homogeneos usados
;0.66;309.6;39.18;199;5.7;

Relaxado ;Tempo ; Iterações ; K ; K medio 
;53.3;109.94;2;3.35594
Inteiro ;Tempo ; P Novos gerados ; P Novos Usados; P Homogeneos gerados; P Homogeneos usados
;0.92;363.56;39.46;199;5.3;

Relaxado ;Tempo ; Iterações ; K ; K medio 
;52.82;78.86;4;5.46525
Inteiro ;Tempo ; P Novos gerados ; P Novos Usados; P Homogeneos gerados; P Homogeneos usados
;0.68;421.6;39.68;199;4.94;

Relaxado ;Tempo ; Iterações ; K ; K medio 
;53.84;64.86;6;7.75699
Inteiro ;Tempo ; P Novos gerados ; P Novos Usados; P Homogeneos gerados; P Homogeneos usados
;1.12;490.62;40.42;199;4.2;

Relaxado ;Tempo ; Iterações ; K ; K medio 
;55.02;56.18;8;9.96559
Inteiro ;Tempo ; P Novos gerados ; P Novos Usados; P Homogeneos gerados; P Homogeneos usados
;1.28;544.38;40;199;4.08;