

Relaxado ;Tempo ; Iterações ; K ; K medio 
;67.48;155.1;1;1.88387
Inteiro ;Tempo ; P Novos gerados ; P Novos Usados; P Homogeneos gerados; P Homogeneos usados
;93.14;289.2;60.88;199;1.18;

Relaxado ;Tempo ; Iterações ; K ; K medio 
;58.5;111.32;2;3.16585
Inteiro ;Tempo ; P Novos gerados ; P Novos Usados; P Homogeneos gerados; P Homogeneos usados
;87.18;347.5;61.08;199;1.32;

Relaxado ;Tempo ; Iterações ; K ; K medio 
;55.38;80.4;4;5.16327
Inteiro ;Tempo ; P Novos gerados ; P Novos Usados; P Homogeneos gerados; P Homogeneos usados
;88.48;405.44;61.28;199;0.74;

Relaxado ;Tempo ; Iterações ; K ; K medio 
;56.76;65.04;6;7.41283
Inteiro ;Tempo ; P Novos gerados ; P Novos Usados; P Homogeneos gerados; P Homogeneos usados
;82.48;469.2;61.36;199;0.66;

Relaxado ;Tempo ; Iterações ; K ; K medio 
;58.82;57.24;8;9.56541
Inteiro ;Tempo ; P Novos gerados ; P Novos Usados; P Homogeneos gerados; P Homogeneos usados
;83.4;531.28;61.52;199;0.42;