

Relaxado ;Tempo ; Iterações ; K ; K medio 
;1.38;69.22;1;1.64922
Inteiro ;Tempo ; P Novos gerados ; P Novos Usados; P Homogeneos gerados; P Homogeneos usados
;0.02;110.46;31.08;100.06;22.28;

Relaxado ;Tempo ; Iterações ; K ; K medio 
;0.82;29.98;2;2.55846
Inteiro ;Tempo ; P Novos gerados ; P Novos Usados; P Homogeneos gerados; P Homogeneos usados
;0.02;73.24;30.92;100.06;22.4;

Relaxado ;Tempo ; Iterações ; K ; K medio 
;0.7;15.34;4;5.2089
Inteiro ;Tempo ; P Novos gerados ; P Novos Usados; P Homogeneos gerados; P Homogeneos usados
;0.06;74.24;31.52;100.06;21.86;

Relaxado ;Tempo ; Iterações ; K ; K medio 
;0.84;12.48;6;7.66148
Inteiro ;Tempo ; P Novos gerados ; P Novos Usados; P Homogeneos gerados; P Homogeneos usados
;0.02;87.52;31.36;100.06;21.74;

Relaxado ;Tempo ; Iterações ; K ; K medio 
;0.9;11.16;8;10.0046
Inteiro ;Tempo ; P Novos gerados ; P Novos Usados; P Homogeneos gerados; P Homogeneos usados
;0.12;100.8;30.96;100.06;21.62;