

Relaxado ;Tempo ; Iterações ; K ; K medio 
;1.36;68.34;1;1.65789
Inteiro ;Tempo ; P Novos gerados ; P Novos Usados; P Homogeneos gerados; P Homogeneos usados
;0.02;109.7;31.3;100.06;22.22;

Relaxado ;Tempo ; Iterações ; K ; K medio 
;0.84;29.98;2;2.56051
Inteiro ;Tempo ; P Novos gerados ; P Novos Usados; P Homogeneos gerados; P Homogeneos usados
;0.02;73.32;30.94;100.06;22.38;

Relaxado ;Tempo ; Iterações ; K ; K medio 
;0.7;15.34;4;5.2139
Inteiro ;Tempo ; P Novos gerados ; P Novos Usados; P Homogeneos gerados; P Homogeneos usados
;0.06;74.3;31.5;100.06;21.88;

Relaxado ;Tempo ; Iterações ; K ; K medio 
;0.78;12.48;6;7.66898
Inteiro ;Tempo ; P Novos gerados ; P Novos Usados; P Homogeneos gerados; P Homogeneos usados
;0.08;87.58;31.4;100.06;21.72;

Relaxado ;Tempo ; Iterações ; K ; K medio 
;0.98;11.16;8;10.0046
Inteiro ;Tempo ; P Novos gerados ; P Novos Usados; P Homogeneos gerados; P Homogeneos usados
;0.04;100.8;31.04;100.06;21.62;