

Relaxado ;Tempo ; Iterações ; K ; K medio 
;1.3;66.1;1;1.6815
Inteiro ;Tempo ; P Novos gerados ; P Novos Usados; P Homogeneos gerados; P Homogeneos usados
;0.08;108.04;30.36;100.58;22.7;

Relaxado ;Tempo ; Iterações ; K ; K medio 
;0.8;28.78;2;2.61191
Inteiro ;Tempo ; P Novos gerados ; P Novos Usados; P Homogeneos gerados; P Homogeneos usados
;0.02;71.9;30.76;100.58;22.08;

Relaxado ;Tempo ; Iterações ; K ; K medio 
;0.72;15.14;4;5.3236
Inteiro ;Tempo ; P Novos gerados ; P Novos Usados; P Homogeneos gerados; P Homogeneos usados
;0.06;74.62;31.7;100.58;21.5;

Relaxado ;Tempo ; Iterações ; K ; K medio 
;0.86;12.8;6;7.65064
Inteiro ;Tempo ; P Novos gerados ; P Novos Usados; P Homogeneos gerados; P Homogeneos usados
;0.02;89.7;31.08;100.58;21.16;

Relaxado ;Tempo ; Iterações ; K ; K medio 
;0.94;11.26;8;10.1416
Inteiro ;Tempo ; P Novos gerados ; P Novos Usados; P Homogeneos gerados; P Homogeneos usados
;0.06;103.18;31.04;100.58;21.36;