

Relaxado ;Tempo ; Iterações ; K ; K medio 
;1.32;67.26;1;1.6647
Inteiro ;Tempo ; P Novos gerados ; P Novos Usados; P Homogeneos gerados; P Homogeneos usados
;0;108.94;30.22;100.58;22.9;

Relaxado ;Tempo ; Iterações ; K ; K medio 
;0.8;28.8;2;2.60782
Inteiro ;Tempo ; P Novos gerados ; P Novos Usados; P Homogeneos gerados; P Homogeneos usados
;0.06;71.84;30.52;100.58;22.24;

Relaxado ;Tempo ; Iterações ; K ; K medio 
;0.66;15.3;4;5.27126
Inteiro ;Tempo ; P Novos gerados ; P Novos Usados; P Homogeneos gerados; P Homogeneos usados
;0.12;74.9;31.6;100.58;21.48;

Relaxado ;Tempo ; Iterações ; K ; K medio 
;0.88;12.82;6;7.63893
Inteiro ;Tempo ; P Novos gerados ; P Novos Usados; P Homogeneos gerados; P Homogeneos usados
;0;89.68;30.94;100.58;21.3;

Relaxado ;Tempo ; Iterações ; K ; K medio 
;0.98;11.26;8;10.123
Inteiro ;Tempo ; P Novos gerados ; P Novos Usados; P Homogeneos gerados; P Homogeneos usados
;0.04;103.02;30.92;100.58;21.34;