

Relaxado ;Tempo ; Iterações ; K ; K medio 
;61.88;156.02;1;1.84735
Inteiro ;Tempo ; P Novos gerados ; P Novos Usados; P Homogeneos gerados; P Homogeneos usados
;71.56;285.58;59.36;199;1.7;

Relaxado ;Tempo ; Iterações ; K ; K medio 
;54.98;111.62;2;3.14153
Inteiro ;Tempo ; P Novos gerados ; P Novos Usados; P Homogeneos gerados; P Homogeneos usados
;76.24;345.18;59.1;199;1.34;

Relaxado ;Tempo ; Iterações ; K ; K medio 
;56.1;81.22;4;5.09273
Inteiro ;Tempo ; P Novos gerados ; P Novos Usados; P Homogeneos gerados; P Homogeneos usados
;69.38;405.42;60.42;199;0.8;

Relaxado ;Tempo ; Iterações ; K ; K medio 
;58.84;65.68;6;7.39763
Inteiro ;Tempo ; P Novos gerados ; P Novos Usados; P Homogeneos gerados; P Homogeneos usados
;82.32;474.08;61;199;0.92;

Relaxado ;Tempo ; Iterações ; K ; K medio 
;59.62;56.04;8;9.64459
Inteiro ;Tempo ; P Novos gerados ; P Novos Usados; P Homogeneos gerados; P Homogeneos usados
;70.46;523.96;60.66;199;0.64;