

Relaxado ;Tempo ; Iterações ; K ; K medio 
;50.58;135.58;1;2.34081
Inteiro ;Tempo ; P Novos gerados ; P Novos Usados; P Homogeneos gerados; P Homogeneos usados
;0.52;313.66;41.26;199;3.84;

Relaxado ;Tempo ; Iterações ; K ; K medio 
;47.14;98.72;2;3.75685
Inteiro ;Tempo ; P Novos gerados ; P Novos Usados; P Homogeneos gerados; P Homogeneos usados
;0.9;364.16;40.76;199;3.6;

Relaxado ;Tempo ; Iterações ; K ; K medio 
;46.58;73.68;4;6.11998
Inteiro ;Tempo ; P Novos gerados ; P Novos Usados; P Homogeneos gerados; P Homogeneos usados
;0.92;439.84;41.64;199;3.12;

Relaxado ;Tempo ; Iterações ; K ; K medio 
;46.66;60.16;6;8.77864
Inteiro ;Tempo ; P Novos gerados ; P Novos Usados; P Homogeneos gerados; P Homogeneos usados
;1.08;513;41.46;199;2.84;

Relaxado ;Tempo ; Iterações ; K ; K medio 
;49.24;52.26;8;11.2302
Inteiro ;Tempo ; P Novos gerados ; P Novos Usados; P Homogeneos gerados; P Homogeneos usados
;1.1;565.28;41.5;199;2.66;