

Relaxado ;Tempo ; Iterações ; K ; K medio 
;1.28;63.34;1;1.71499
Inteiro ;Tempo ; P Novos gerados ; P Novos Usados; P Homogeneos gerados; P Homogeneos usados
;0.02;105.34;26.92;99.22;23.2;

Relaxado ;Tempo ; Iterações ; K ; K medio 
;0.78;28.38;2;2.68437
Inteiro ;Tempo ; P Novos gerados ; P Novos Usados; P Homogeneos gerados; P Homogeneos usados
;0.04;72.36;26.74;99.22;22.8;

Relaxado ;Tempo ; Iterações ; K ; K medio 
;0.62;15.02;4;5.42248
Inteiro ;Tempo ; P Novos gerados ; P Novos Usados; P Homogeneos gerados; P Homogeneos usados
;0.1;75.78;27.84;99.22;21.8;

Relaxado ;Tempo ; Iterações ; K ; K medio 
;0.84;12.72;6;7.80704
Inteiro ;Tempo ; P Novos gerados ; P Novos Usados; P Homogeneos gerados; P Homogeneos usados
;0.02;90.8;27.8;99.22;21.72;

Relaxado ;Tempo ; Iterações ; K ; K medio 
;0.98;10.78;8;10.2549
Inteiro ;Tempo ; P Novos gerados ; P Novos Usados; P Homogeneos gerados; P Homogeneos usados
;0.02;99.54;27.82;99.22;21.58;