

Relaxado ;Tempo ; Iterações ; K ; K medio 
;1.24;61.5;1;1.75836
Inteiro ;Tempo ; P Novos gerados ; P Novos Usados; P Homogeneos gerados; P Homogeneos usados
;0.04;104.82;27.82;99.22;22.46;

Relaxado ;Tempo ; Iterações ; K ; K medio 
;0.7;28.3;2;2.79567
Inteiro ;Tempo ; P Novos gerados ; P Novos Usados; P Homogeneos gerados; P Homogeneos usados
;0.12;74.96;27.82;99.22;22.1;

Relaxado ;Tempo ; Iterações ; K ; K medio 
;0.72;15.24;4;5.57756
Inteiro ;Tempo ; P Novos gerados ; P Novos Usados; P Homogeneos gerados; P Homogeneos usados
;0.04;78.86;28.26;99.22;21.4;

Relaxado ;Tempo ; Iterações ; K ; K medio 
;0.88;12.7;6;7.88884
Inteiro ;Tempo ; P Novos gerados ; P Novos Usados; P Homogeneos gerados; P Homogeneos usados
;0;91.46;28.18;99.22;21.08;

Relaxado ;Tempo ; Iterações ; K ; K medio 
;0.96;10.88;8;10.398
Inteiro ;Tempo ; P Novos gerados ; P Novos Usados; P Homogeneos gerados; P Homogeneos usados
;0.02;101.86;27.8;99.22;21.32;