

Relaxado ;Tempo ; Iterações ; K ; K medio 
;56.76;153.9;1;1.90346
Inteiro ;Tempo ; P Novos gerados ; P Novos Usados; P Homogeneos gerados; P Homogeneos usados
;34.4;290.18;54.56;199;1.6;

Relaxado ;Tempo ; Iterações ; K ; K medio 
;55.42;111.04;2;3.15289
Inteiro ;Tempo ; P Novos gerados ; P Novos Usados; P Homogeneos gerados; P Homogeneos usados
;45.56;345.66;56.32;199;1.34;

Relaxado ;Tempo ; Iterações ; K ; K medio 
;52.24;80.5;4;5.16122
Inteiro ;Tempo ; P Novos gerados ; P Novos Usados; P Homogeneos gerados; P Homogeneos usados
;38.02;407.98;56.38;199;0.88;

Relaxado ;Tempo ; Iterações ; K ; K medio 
;53.78;65.72;6;7.35302
Inteiro ;Tempo ; P Novos gerados ; P Novos Usados; P Homogeneos gerados; P Homogeneos usados
;47.68;472.1;57.46;199;0.88;

Relaxado ;Tempo ; Iterações ; K ; K medio 
;60.86;58;8;9.39796
Inteiro ;Tempo ; P Novos gerados ; P Novos Usados; P Homogeneos gerados; P Homogeneos usados
;50.62;528.84;57.36;199;0.72;