

Relaxado ;Tempo ; Iterações ; K ; K medio 
;1.3;64.8;1;1.70008
Inteiro ;Tempo ; P Novos gerados ; P Novos Usados; P Homogeneos gerados; P Homogeneos usados
;0.02;107.06;30.62;100.58;22.68;

Relaxado ;Tempo ; Iterações ; K ; K medio 
;0.78;28.76;2;2.61905
Inteiro ;Tempo ; P Novos gerados ; P Novos Usados; P Homogeneos gerados; P Homogeneos usados
;0.04;72.06;30.84;100.58;22;

Relaxado ;Tempo ; Iterações ; K ; K medio 
;0.68;15.06;4;5.36482
Inteiro ;Tempo ; P Novos gerados ; P Novos Usados; P Homogeneos gerados; P Homogeneos usados
;0.1;74.72;31.84;100.58;21.38;

Relaxado ;Tempo ; Iterações ; K ; K medio 
;0.8;12.78;6;7.68561
Inteiro ;Tempo ; P Novos gerados ; P Novos Usados; P Homogeneos gerados; P Homogeneos usados
;0.06;89.92;31.26;100.58;21.06;

Relaxado ;Tempo ; Iterações ; K ; K medio 
;0.96;11.28;8;10.1833
Inteiro ;Tempo ; P Novos gerados ; P Novos Usados; P Homogeneos gerados; P Homogeneos usados
;0.06;103.74;30.88;100.58;21.38;