

Relaxado ;Tempo ; Iterações ; K ; K medio 
;1.38;69.9;1;1.64469
Inteiro ;Tempo ; P Novos gerados ; P Novos Usados; P Homogeneos gerados; P Homogeneos usados
;0.06;111.1;30.6;100.06;22.54;

Relaxado ;Tempo ; Iterações ; K ; K medio 
;0.82;29.98;2;2.55567
Inteiro ;Tempo ; P Novos gerados ; P Novos Usados; P Homogeneos gerados; P Homogeneos usados
;0.02;73.14;30.8;100.06;22.5;

Relaxado ;Tempo ; Iterações ; K ; K medio 
;0.72;15.34;4;5.21462
Inteiro ;Tempo ; P Novos gerados ; P Novos Usados; P Homogeneos gerados; P Homogeneos usados
;0.02;74.32;31.62;100.06;21.9;

Relaxado ;Tempo ; Iterações ; K ; K medio 
;0.82;12.48;6;7.66005
Inteiro ;Tempo ; P Novos gerados ; P Novos Usados; P Homogeneos gerados; P Homogeneos usados
;0.04;87.5;31.44;100.06;21.74;

Relaxado ;Tempo ; Iterações ; K ; K medio 
;0.96;11.18;8;9.99662
Inteiro ;Tempo ; P Novos gerados ; P Novos Usados; P Homogeneos gerados; P Homogeneos usados
;0.06;100.94;31;100.06;21.62;