

Relaxado ;Tempo ; Iterações ; K ; K medio 
;55.36;143.62;1;2.22307
Inteiro ;Tempo ; P Novos gerados ; P Novos Usados; P Homogeneos gerados; P Homogeneos usados
;0.66;315.88;39.96;199;5.02;

Relaxado ;Tempo ; Iterações ; K ; K medio 
;50.88;103.24;2;3.60615
Inteiro ;Tempo ; P Novos gerados ; P Novos Usados; P Homogeneos gerados; P Homogeneos usados
;1.06;365.94;40.7;199;4.08;

Relaxado ;Tempo ; Iterações ; K ; K medio 
;49.66;75.46;4;5.89198
Inteiro ;Tempo ; P Novos gerados ; P Novos Usados; P Homogeneos gerados; P Homogeneos usados
;1.2;435.02;41.02;199;3.7;

Relaxado ;Tempo ; Iterações ; K ; K medio 
;52.48;62.72;6;8.31228
Inteiro ;Tempo ; P Novos gerados ; P Novos Usados; P Homogeneos gerados; P Homogeneos usados
;0.86;507.62;40.82;199;3.76;

Relaxado ;Tempo ; Iterações ; K ; K medio 
;52.76;53.84;8;10.7737
Inteiro ;Tempo ; P Novos gerados ; P Novos Usados; P Homogeneos gerados; P Homogeneos usados
;1.28;559.32;40.78;199;2.98;