

Relaxado ;Tempo ; Iterações ; K ; K medio 
;55.72;152.52;1;1.95853
Inteiro ;Tempo ; P Novos gerados ; P Novos Usados; P Homogeneos gerados; P Homogeneos usados
;36.02;295.68;56.3;199;1.34;

Relaxado ;Tempo ; Iterações ; K ; K medio 
;54.46;109.58;2;3.23285
Inteiro ;Tempo ; P Novos gerados ; P Novos Usados; P Homogeneos gerados; P Homogeneos usados
;26.92;349.72;56.2;199;1.28;

Relaxado ;Tempo ; Iterações ; K ; K medio 
;52.5;79.58;4;5.24811
Inteiro ;Tempo ; P Novos gerados ; P Novos Usados; P Homogeneos gerados; P Homogeneos usados
;43.12;409.88;57.46;199;0.7;

Relaxado ;Tempo ; Iterações ; K ; K medio 
;53.54;64.74;6;7.48063
Inteiro ;Tempo ; P Novos gerados ; P Novos Usados; P Homogeneos gerados; P Homogeneos usados
;49.56;471.92;57.12;199;0.54;

Relaxado ;Tempo ; Iterações ; K ; K medio 
;55.84;57;8;9.59775
Inteiro ;Tempo ; P Novos gerados ; P Novos Usados; P Homogeneos gerados; P Homogeneos usados
;49.82;532.26;56.84;199;0.34;