

Relaxado ;Tempo ; Iterações ; K ; K medio 
;1.22;61.78;1;1.77577
Inteiro ;Tempo ; P Novos gerados ; P Novos Usados; P Homogeneos gerados; P Homogeneos usados
;0.02;106.1;28.18;99.22;21.7;

Relaxado ;Tempo ; Iterações ; K ; K medio 
;0.72;28.34;2;2.98134
Inteiro ;Tempo ; P Novos gerados ; P Novos Usados; P Homogeneos gerados; P Homogeneos usados
;0.12;80.04;27.68;99.22;21.5;

Relaxado ;Tempo ; Iterações ; K ; K medio 
;0.74;15.08;4;5.85009
Inteiro ;Tempo ; P Novos gerados ; P Novos Usados; P Homogeneos gerados; P Homogeneos usados
;0.02;81.7;28.02;99.22;20.84;

Relaxado ;Tempo ; Iterações ; K ; K medio 
;0.86;12.62;6;8.08211
Inteiro ;Tempo ; P Novos gerados ; P Novos Usados; P Homogeneos gerados; P Homogeneos usados
;0.02;93.06;28.64;99.22;20.76;

Relaxado ;Tempo ; Iterações ; K ; K medio 
;0.98;10.86;8;10.5645
Inteiro ;Tempo ; P Novos gerados ; P Novos Usados; P Homogeneos gerados; P Homogeneos usados
;0.02;103.34;28.18;99.22;20.72;