

Relaxado ;Tempo ; Iterações ; K ; K medio 
;1.02;60.34;2;1.14096
Inteiro ;Tempo ; P Novos gerados ; P Novos Usados; P Homogeneos gerados; P Homogeneos usados
;0.02;67.34;30.54;100.58;22.94;

Relaxado ;Tempo ; Iterações ; K ; K medio 
;0.92;60.34;4;1.14096
Inteiro ;Tempo ; P Novos gerados ; P Novos Usados; P Homogeneos gerados; P Homogeneos usados
;0.14;67.34;30.54;100.58;22.94;

Relaxado ;Tempo ; Iterações ; K ; K medio 
;1.04;60.34;6;1.14096
Inteiro ;Tempo ; P Novos gerados ; P Novos Usados; P Homogeneos gerados; P Homogeneos usados
;0;67.34;30.54;100.58;22.94;

Relaxado ;Tempo ; Iterações ; K ; K medio 
;0.98;60.34;8;1.14096
Inteiro ;Tempo ; P Novos gerados ; P Novos Usados; P Homogeneos gerados; P Homogeneos usados
;0.06;67.34;30.54;100.58;22.94;