

Relaxado ;Tempo ; Iterações ; K ; K medio 
;14.72;121.82;2;2.61939
Inteiro ;Tempo ; P Novos gerados ; P Novos Usados; P Homogeneos gerados; P Homogeneos usados
;85.34;315.42;60.46;199;1.3;

Relaxado ;Tempo ; Iterações ; K ; K medio 
;12.56;109.24;4;3.15613
Inteiro ;Tempo ; P Novos gerados ; P Novos Usados; P Homogeneos gerados; P Homogeneos usados
;85.62;340.18;60.5;199;1.2;

Relaxado ;Tempo ; Iterações ; K ; K medio 
;12.06;105.38;6;3.29783
Inteiro ;Tempo ; P Novos gerados ; P Novos Usados; P Homogeneos gerados; P Homogeneos usados
;84.66;343.04;60.98;199;1.06;

Relaxado ;Tempo ; Iterações ; K ; K medio 
;12.08;105.38;8;3.33834
Inteiro ;Tempo ; P Novos gerados ; P Novos Usados; P Homogeneos gerados; P Homogeneos usados
;91.68;346.72;61.02;199;0.98;