

Relaxado ;Tempo ; Iterações ; K ; K medio 
;12.14;115.78;2;2.77291
Inteiro ;Tempo ; P Novos gerados ; P Novos Usados; P Homogeneos gerados; P Homogeneos usados
;35.32;317.28;56.56;199;0.88;

Relaxado ;Tempo ; Iterações ; K ; K medio 
;10.28;101.88;4;3.34717
Inteiro ;Tempo ; P Novos gerados ; P Novos Usados; P Homogeneos gerados; P Homogeneos usados
;36.04;336.34;57.42;199;1.18;

Relaxado ;Tempo ; Iterações ; K ; K medio 
;10.1;100.08;6;3.51442
Inteiro ;Tempo ; P Novos gerados ; P Novos Usados; P Homogeneos gerados; P Homogeneos usados
;46.8;346.98;57.04;199;0.8;

Relaxado ;Tempo ; Iterações ; K ; K medio 
;10.06;99.1;8;3.5803
Inteiro ;Tempo ; P Novos gerados ; P Novos Usados; P Homogeneos gerados; P Homogeneos usados
;50.14;349.74;56.94;199;0.82;