

Relaxado ;Tempo ; Iterações ; K ; K medio 
;12.04;120.1;2;2.65738
Inteiro ;Tempo ; P Novos gerados ; P Novos Usados; P Homogeneos gerados; P Homogeneos usados
;36.98;315.46;55.96;199;1.54;

Relaxado ;Tempo ; Iterações ; K ; K medio 
;11.1;107.04;4;3.16814
Inteiro ;Tempo ; P Novos gerados ; P Novos Usados; P Homogeneos gerados; P Homogeneos usados
;43.64;334.4;57.4;199;1.18;

Relaxado ;Tempo ; Iterações ; K ; K medio 
;10.46;104.48;6;3.31751
Inteiro ;Tempo ; P Novos gerados ; P Novos Usados; P Homogeneos gerados; P Homogeneos usados
;44.18;341.6;57;199;1.04;

Relaxado ;Tempo ; Iterações ; K ; K medio 
;10.42;103.7;8;3.36613
Inteiro ;Tempo ; P Novos gerados ; P Novos Usados; P Homogeneos gerados; P Homogeneos usados
;55.9;344.5;56.48;199;1.18;