

Relaxado ;Tempo ; Iterações ; K ; K medio 
;1.02;60.8;2;1.13137
Inteiro ;Tempo ; P Novos gerados ; P Novos Usados; P Homogeneos gerados; P Homogeneos usados
;0.04;67.16;30.94;100.06;22.88;

Relaxado ;Tempo ; Iterações ; K ; K medio 
;1.08;60.8;4;1.13137
Inteiro ;Tempo ; P Novos gerados ; P Novos Usados; P Homogeneos gerados; P Homogeneos usados
;0.04;67.16;30.94;100.06;22.88;

Relaxado ;Tempo ; Iterações ; K ; K medio 
;1;60.8;6;1.13137
Inteiro ;Tempo ; P Novos gerados ; P Novos Usados; P Homogeneos gerados; P Homogeneos usados
;0.06;67.16;30.94;100.06;22.88;

Relaxado ;Tempo ; Iterações ; K ; K medio 
;0.98;60.8;8;1.13137
Inteiro ;Tempo ; P Novos gerados ; P Novos Usados; P Homogeneos gerados; P Homogeneos usados
;0.04;67.16;30.94;100.06;22.88;