

Relaxado ;Tempo ; Iterações ; K ; K medio 
;14.28;121.98;2;2.58634
Inteiro ;Tempo ; P Novos gerados ; P Novos Usados; P Homogeneos gerados; P Homogeneos usados
;75.32;311.96;59.84;199;1.56;

Relaxado ;Tempo ; Iterações ; K ; K medio 
;11.92;107.9;4;3.162
Inteiro ;Tempo ; P Novos gerados ; P Novos Usados; P Homogeneos gerados; P Homogeneos usados
;70.96;336.84;59.7;199;0.8;

Relaxado ;Tempo ; Iterações ; K ; K medio 
;11.9;106.48;6;3.28773
Inteiro ;Tempo ; P Novos gerados ; P Novos Usados; P Homogeneos gerados; P Homogeneos usados
;81.64;345.74;61.2;199;0.9;

Relaxado ;Tempo ; Iterações ; K ; K medio 
;12.04;105.34;8;3.34119
Inteiro ;Tempo ; P Novos gerados ; P Novos Usados; P Homogeneos gerados; P Homogeneos usados
;79.5;347.44;60.1;199;1.24;