

Relaxado ;Tempo ; Iterações ; K ; K medio 
;12.64;117.98;2;2.72617
Inteiro ;Tempo ; P Novos gerados ; P Novos Usados; P Homogeneos gerados; P Homogeneos usados
;39.06;317.9;56.76;199;1.12;

Relaxado ;Tempo ; Iterações ; K ; K medio 
;10.78;104.36;4;3.25306
Inteiro ;Tempo ; P Novos gerados ; P Novos Usados; P Homogeneos gerados; P Homogeneos usados
;35.1;335.2;56.8;199;0.96;

Relaxado ;Tempo ; Iterações ; K ; K medio 
;10.44;102.68;6;3.37794
Inteiro ;Tempo ; P Novos gerados ; P Novos Usados; P Homogeneos gerados; P Homogeneos usados
;44.84;342.16;57.04;199;0.9;

Relaxado ;Tempo ; Iterações ; K ; K medio 
;10.26;101.88;8;3.44915
Inteiro ;Tempo ; P Novos gerados ; P Novos Usados; P Homogeneos gerados; P Homogeneos usados
;47.26;346.6;56.94;199;0.74;