

Relaxado ;Tempo ; Iterações ; K ; K medio 
;0.9;57.34;2;1.17309
Inteiro ;Tempo ; P Novos gerados ; P Novos Usados; P Homogeneos gerados; P Homogeneos usados
;0.06;65.76;27.24;99.22;23.2;

Relaxado ;Tempo ; Iterações ; K ; K medio 
;0.98;57.34;4;1.17309
Inteiro ;Tempo ; P Novos gerados ; P Novos Usados; P Homogeneos gerados; P Homogeneos usados
;0.06;65.76;27.24;99.22;23.2;

Relaxado ;Tempo ; Iterações ; K ; K medio 
;0.96;57.34;6;1.17309
Inteiro ;Tempo ; P Novos gerados ; P Novos Usados; P Homogeneos gerados; P Homogeneos usados
;0.02;65.76;27.24;99.22;23.2;

Relaxado ;Tempo ; Iterações ; K ; K medio 
;0.94;57.34;8;1.17309
Inteiro ;Tempo ; P Novos gerados ; P Novos Usados; P Homogeneos gerados; P Homogeneos usados
;0;65.76;27.24;99.22;23.2;