

Relaxado ;Tempo ; Iterações ; K ; K medio 
;10.98;102.84;2;3.46225
Inteiro ;Tempo ; P Novos gerados ; P Novos Usados; P Homogeneos gerados; P Homogeneos usados
;0.7;351.12;40.84;199;4.08;

Relaxado ;Tempo ; Iterações ; K ; K medio 
;9.14;91.88;4;4.13335
Inteiro ;Tempo ; P Novos gerados ; P Novos Usados; P Homogeneos gerados; P Homogeneos usados
;0.7;374.12;40.8;199;3.74;

Relaxado ;Tempo ; Iterações ; K ; K medio 
;9.02;90.9;6;4.31594
Inteiro ;Tempo ; P Novos gerados ; P Novos Usados; P Homogeneos gerados; P Homogeneos usados
;0.76;386.76;40.62;199;3.76;

Relaxado ;Tempo ; Iterações ; K ; K medio 
;9.04;89.98;8;4.40246
Inteiro ;Tempo ; P Novos gerados ; P Novos Usados; P Homogeneos gerados; P Homogeneos usados
;1.06;390.3;41.4;199;3.4;