

Relaxado ;Tempo ; Iterações ; K ; K medio 
;1;60.24;2;1.144
Inteiro ;Tempo ; P Novos gerados ; P Novos Usados; P Homogeneos gerados; P Homogeneos usados
;0;67.4;30.62;100.58;22.86;

Relaxado ;Tempo ; Iterações ; K ; K medio 
;0.98;60.24;4;1.14438
Inteiro ;Tempo ; P Novos gerados ; P Novos Usados; P Homogeneos gerados; P Homogeneos usados
;0.02;67.42;30.62;100.58;22.86;

Relaxado ;Tempo ; Iterações ; K ; K medio 
;1;60.24;6;1.14438
Inteiro ;Tempo ; P Novos gerados ; P Novos Usados; P Homogeneos gerados; P Homogeneos usados
;0.04;67.42;30.62;100.58;22.86;

Relaxado ;Tempo ; Iterações ; K ; K medio 
;1.02;60.24;8;1.14438
Inteiro ;Tempo ; P Novos gerados ; P Novos Usados; P Homogeneos gerados; P Homogeneos usados
;0.04;67.42;30.62;100.58;22.86;