

Relaxado ;Tempo ; Iterações ; K ; K medio 
;1.02;60.82;2;1.13131
Inteiro ;Tempo ; P Novos gerados ; P Novos Usados; P Homogeneos gerados; P Homogeneos usados
;0.02;67.18;30.92;100.06;22.88;

Relaxado ;Tempo ; Iterações ; K ; K medio 
;1.04;60.82;4;1.13131
Inteiro ;Tempo ; P Novos gerados ; P Novos Usados; P Homogeneos gerados; P Homogeneos usados
;0.04;67.18;30.92;100.06;22.88;

Relaxado ;Tempo ; Iterações ; K ; K medio 
;1.06;60.82;6;1.13131
Inteiro ;Tempo ; P Novos gerados ; P Novos Usados; P Homogeneos gerados; P Homogeneos usados
;0.04;67.18;30.92;100.06;22.88;

Relaxado ;Tempo ; Iterações ; K ; K medio 
;1;60.82;8;1.13131
Inteiro ;Tempo ; P Novos gerados ; P Novos Usados; P Homogeneos gerados; P Homogeneos usados
;0.08;67.18;30.92;100.06;22.88;