

Relaxado ;Tempo ; Iterações ; K ; K medio 
;1.06;55.98;2;1.23058
Inteiro ;Tempo ; P Novos gerados ; P Novos Usados; P Homogeneos gerados; P Homogeneos usados
;0;67.04;27.28;99.22;22.82;

Relaxado ;Tempo ; Iterações ; K ; K medio 
;1.02;55.98;4;1.23122
Inteiro ;Tempo ; P Novos gerados ; P Novos Usados; P Homogeneos gerados; P Homogeneos usados
;0.04;67.08;27.3;99.22;22.8;

Relaxado ;Tempo ; Iterações ; K ; K medio 
;0.92;55.98;6;1.23122
Inteiro ;Tempo ; P Novos gerados ; P Novos Usados; P Homogeneos gerados; P Homogeneos usados
;0.04;67.08;27.3;99.22;22.8;

Relaxado ;Tempo ; Iterações ; K ; K medio 
;0.84;55.98;8;1.23122
Inteiro ;Tempo ; P Novos gerados ; P Novos Usados; P Homogeneos gerados; P Homogeneos usados
;0.06;67.08;27.3;99.22;22.8;