

Relaxado ;Tempo ; Iterações ; K ; K medio 
;1.74;77.2;1;1.09524
Inteiro ;Tempo ; P Novos gerados ; P Novos Usados; P Homogeneos gerados; P Homogeneos usados
;0.06;82.86;30.9;100.06;22.96;

Relaxado ;Tempo ; Iterações ; K ; K medio 
;1.12;44.16;2;2.26054
Inteiro ;Tempo ; P Novos gerados ; P Novos Usados; P Homogeneos gerados; P Homogeneos usados
;0.02;96.9;31.02;100.06;21.52;

Relaxado ;Tempo ; Iterações ; K ; K medio 
;0.58;22.36;4;4.69916
Inteiro ;Tempo ; P Novos gerados ; P Novos Usados; P Homogeneos gerados; P Homogeneos usados
;0.06;99.58;30.68;100.06;21.6;

Relaxado ;Tempo ; Iterações ; K ; K medio 
;0.54;15.14;6;7.30982
Inteiro ;Tempo ; P Novos gerados ; P Novos Usados; P Homogeneos gerados; P Homogeneos usados
;0.02;102.68;31.24;100.06;21.4;

Relaxado ;Tempo ; Iterações ; K ; K medio 
;0.44;11.56;8;10.0306
Inteiro ;Tempo ; P Novos gerados ; P Novos Usados; P Homogeneos gerados; P Homogeneos usados
;0.04;105.08;30.72;100.06;21.4;