

Relaxado ;Tempo ; Iterações ; K ; K medio 
;62;153.02;1;1.91437
Inteiro ;Tempo ; P Novos gerados ; P Novos Usados; P Homogeneos gerados; P Homogeneos usados
;77.62;289.78;59.86;199;1.04;

Relaxado ;Tempo ; Iterações ; K ; K medio 
;45.68;100.3;2;4.01756
Inteiro ;Tempo ; P Novos gerados ; P Novos Usados; P Homogeneos gerados; P Homogeneos usados
;78.18;397.82;60.08;199;0.86;

Relaxado ;Tempo ; Iterações ; K ; K medio 
;41.46;66.38;4;7.5875
Inteiro ;Tempo ; P Novos gerados ; P Novos Usados; P Homogeneos gerados; P Homogeneos usados
;73.4;495.36;58.96;199;0.7;

Relaxado ;Tempo ; Iterações ; K ; K medio 
;40.68;53.58;6;10.5305
Inteiro ;Tempo ; P Novos gerados ; P Novos Usados; P Homogeneos gerados; P Homogeneos usados
;77.9;553.5;60.14;199;0.38;

Relaxado ;Tempo ; Iterações ; K ; K medio 
;42.46;45.1;8;12.968
Inteiro ;Tempo ; P Novos gerados ; P Novos Usados; P Homogeneos gerados; P Homogeneos usados
;76.7;571.46;59.86;199;0.42;