

Relaxado ;Tempo ; Iterações ; K ; K medio 
;64.12;152.18;1;1.90977
Inteiro ;Tempo ; P Novos gerados ; P Novos Usados; P Homogeneos gerados; P Homogeneos usados
;30.9;287.86;55.48;199;1.7;

Relaxado ;Tempo ; Iterações ; K ; K medio 
;48.98;100.62;2;4.02135
Inteiro ;Tempo ; P Novos gerados ; P Novos Usados; P Homogeneos gerados; P Homogeneos usados
;31.66;399.58;55.8;199;1.24;

Relaxado ;Tempo ; Iterações ; K ; K medio 
;42.3;66.2;4;7.43033
Inteiro ;Tempo ; P Novos gerados ; P Novos Usados; P Homogeneos gerados; P Homogeneos usados
;35.92;483.9;55.78;199;0.58;

Relaxado ;Tempo ; Iterações ; K ; K medio 
;41.12;53.68;6;10.2915
Inteiro ;Tempo ; P Novos gerados ; P Novos Usados; P Homogeneos gerados; P Homogeneos usados
;36.5;541.3;55.44;199;0.5;

Relaxado ;Tempo ; Iterações ; K ; K medio 
;44.78;44.4;8;12.8283
Inteiro ;Tempo ; P Novos gerados ; P Novos Usados; P Homogeneos gerados; P Homogeneos usados
;36.98;555.9;55.52;199;0.34;