

Relaxado ;Tempo ; Iterações ; K ; K medio 
;63.3;147.38;1;2.05866
Inteiro ;Tempo ; P Novos gerados ; P Novos Usados; P Homogeneos gerados; P Homogeneos usados
;0.76;299.88;38.74;199;5.76;

Relaxado ;Tempo ; Iterações ; K ; K medio 
;47.86;97.18;2;4.18231
Inteiro ;Tempo ; P Novos gerados ; P Novos Usados; P Homogeneos gerados; P Homogeneos usados
;0.92;401.38;39.88;199;4.72;

Relaxado ;Tempo ; Iterações ; K ; K medio 
;41.82;62.8;4;7.94853
Inteiro ;Tempo ; P Novos gerados ; P Novos Usados; P Homogeneos gerados; P Homogeneos usados
;1.36;490.32;39.82;199;3.82;

Relaxado ;Tempo ; Iterações ; K ; K medio 
;44.16;49.26;6;11.2615
Inteiro ;Tempo ; P Novos gerados ; P Novos Usados; P Homogeneos gerados; P Homogeneos usados
;0.88;542.1;39.46;199;3.8;

Relaxado ;Tempo ; Iterações ; K ; K medio 
;44.84;41.4;8;14.2545
Inteiro ;Tempo ; P Novos gerados ; P Novos Usados; P Homogeneos gerados; P Homogeneos usados
;1.38;574.86;39.6;199;3.2;