

Relaxado ;Tempo ; Iterações ; K ; K medio 
;62.42;153.38;1;1.89279
Inteiro ;Tempo ; P Novos gerados ; P Novos Usados; P Homogeneos gerados; P Homogeneos usados
;79.6;287.3;59.46;199;1.48;

Relaxado ;Tempo ; Iterações ; K ; K medio 
;47.52;101.32;2;3.97378
Inteiro ;Tempo ; P Novos gerados ; P Novos Usados; P Homogeneos gerados; P Homogeneos usados
;60.04;397.24;59.16;199;1;

Relaxado ;Tempo ; Iterações ; K ; K medio 
;40.78;67.14;4;7.49362
Inteiro ;Tempo ; P Novos gerados ; P Novos Usados; P Homogeneos gerados; P Homogeneos usados
;66.82;495.04;58.14;199;0.58;

Relaxado ;Tempo ; Iterações ; K ; K medio 
;41.42;53.94;6;10.4002
Inteiro ;Tempo ; P Novos gerados ; P Novos Usados; P Homogeneos gerados; P Homogeneos usados
;63.92;550.48;58.7;199;0.46;

Relaxado ;Tempo ; Iterações ; K ; K medio 
;43.3;45.7;8;12.8462
Inteiro ;Tempo ; P Novos gerados ; P Novos Usados; P Homogeneos gerados; P Homogeneos usados
;73.84;573.6;59.04;199;0.5;