

Relaxado ;Tempo ; Iterações ; K ; K medio 
;1.56;74.72;1;1.17534
Inteiro ;Tempo ; P Novos gerados ; P Novos Usados; P Homogeneos gerados; P Homogeneos usados
;0.04;85.42;28;99.22;22.26;

Relaxado ;Tempo ; Iterações ; K ; K medio 
;0.96;41.42;2;2.40587
Inteiro ;Tempo ; P Novos gerados ; P Novos Usados; P Homogeneos gerados; P Homogeneos usados
;0.06;95.96;27.6;99.22;20.98;

Relaxado ;Tempo ; Iterações ; K ; K medio 
;0.6;21.36;4;4.94359
Inteiro ;Tempo ; P Novos gerados ; P Novos Usados; P Homogeneos gerados; P Homogeneos usados
;0.02;99.86;27.62;99.22;20.68;

Relaxado ;Tempo ; Iterações ; K ; K medio 
;0.44;14.14;6;7.78256
Inteiro ;Tempo ; P Novos gerados ; P Novos Usados; P Homogeneos gerados; P Homogeneos usados
;0.02;101.54;27.86;99.22;20.64;

Relaxado ;Tempo ; Iterações ; K ; K medio 
;0.42;11.2;8;10.6335
Inteiro ;Tempo ; P Novos gerados ; P Novos Usados; P Homogeneos gerados; P Homogeneos usados
;0.04;107.58;28;99.22;20.6;