

Relaxado ;Tempo ; Iterações ; K ; K medio 
;1.7;77.8;1;1.13818
Inteiro ;Tempo ; P Novos gerados ; P Novos Usados; P Homogeneos gerados; P Homogeneos usados
;0;86.22;27.74;99.22;22.86;

Relaxado ;Tempo ; Iterações ; K ; K medio 
;1;41.6;2;2.34059
Inteiro ;Tempo ; P Novos gerados ; P Novos Usados; P Homogeneos gerados; P Homogeneos usados
;0.04;93.98;27.24;99.22;21.66;

Relaxado ;Tempo ; Iterações ; K ; K medio 
;0.54;21.42;4;4.8846
Inteiro ;Tempo ; P Novos gerados ; P Novos Usados; P Homogeneos gerados; P Homogeneos usados
;0.04;98.76;27.28;99.22;21.24;

Relaxado ;Tempo ; Iterações ; K ; K medio 
;0.52;14.3;6;7.64108
Inteiro ;Tempo ; P Novos gerados ; P Novos Usados; P Homogeneos gerados; P Homogeneos usados
;0;100.94;26.94;99.22;21.26;

Relaxado ;Tempo ; Iterações ; K ; K medio 
;0.46;11.44;8;10.3544
Inteiro ;Tempo ; P Novos gerados ; P Novos Usados; P Homogeneos gerados; P Homogeneos usados
;0.02;107.3;27.6;99.22;21.12;