

Relaxado ;Tempo ; Iterações ; K ; K medio 
;62.46;148.36;1;1.98041
Inteiro ;Tempo ; P Novos gerados ; P Novos Usados; P Homogeneos gerados; P Homogeneos usados
;29.4;290.82;56.12;199;1.22;

Relaxado ;Tempo ; Iterações ; K ; K medio 
;47.88;98.7;2;4.08915
Inteiro ;Tempo ; P Novos gerados ; P Novos Usados; P Homogeneos gerados; P Homogeneos usados
;37.7;398.38;56.28;199;0.78;

Relaxado ;Tempo ; Iterações ; K ; K medio 
;40.66;63.9;4;7.64938
Inteiro ;Tempo ; P Novos gerados ; P Novos Usados; P Homogeneos gerados; P Homogeneos usados
;32.72;480.2;56.34;199;0.48;

Relaxado ;Tempo ; Iterações ; K ; K medio 
;41.48;52.38;6;10.4834
Inteiro ;Tempo ; P Novos gerados ; P Novos Usados; P Homogeneos gerados; P Homogeneos usados
;39.4;537.96;56.3;199;0.52;

Relaxado ;Tempo ; Iterações ; K ; K medio 
;43.58;42.94;8;13.2966
Inteiro ;Tempo ; P Novos gerados ; P Novos Usados; P Homogeneos gerados; P Homogeneos usados
;36.14;556.94;56.02;199;0.2;