

Relaxado ;Tempo ; Iterações ; K ; K medio 
;60.68;140.66;1;2.17278
Inteiro ;Tempo ; P Novos gerados ; P Novos Usados; P Homogeneos gerados; P Homogeneos usados
;0.7;302.28;40.52;199;4.64;

Relaxado ;Tempo ; Iterações ; K ; K medio 
;47.52;91.02;2;4.43855
Inteiro ;Tempo ; P Novos gerados ; P Novos Usados; P Homogeneos gerados; P Homogeneos usados
;0.88;397.88;40.24;199;4.32;

Relaxado ;Tempo ; Iterações ; K ; K medio 
;40.74;58.16;4;8.5292
Inteiro ;Tempo ; P Novos gerados ; P Novos Usados; P Homogeneos gerados; P Homogeneos usados
;1;486.1;40.06;199;3.5;

Relaxado ;Tempo ; Iterações ; K ; K medio 
;41.12;46.9;6;11.9966
Inteiro ;Tempo ; P Novos gerados ; P Novos Usados; P Homogeneos gerados; P Homogeneos usados
;1.24;548.94;41.52;199;2.78;

Relaxado ;Tempo ; Iterações ; K ; K medio 
;41.24;38.44;8;15.2699
Inteiro ;Tempo ; P Novos gerados ; P Novos Usados; P Homogeneos gerados; P Homogeneos usados
;0.96;569.98;41.54;199;2.72;