

Relaxado ;Tempo ; Iterações ; K ; K medio 
;1.76;82.3;1;1.094
Inteiro ;Tempo ; P Novos gerados ; P Novos Usados; P Homogeneos gerados; P Homogeneos usados
;0.02;88.18;30.76;100.58;22.68;

Relaxado ;Tempo ; Iterações ; K ; K medio 
;1.08;45.8;2;2.24919
Inteiro ;Tempo ; P Novos gerados ; P Novos Usados; P Homogeneos gerados; P Homogeneos usados
;0.02;100.36;30.2;100.58;21.18;

Relaxado ;Tempo ; Iterações ; K ; K medio 
;0.7;23.56;4;4.66219
Inteiro ;Tempo ; P Novos gerados ; P Novos Usados; P Homogeneos gerados; P Homogeneos usados
;0.02;104.66;30.8;100.58;21.06;

Relaxado ;Tempo ; Iterações ; K ; K medio 
;0.48;15;6;7.32959
Inteiro ;Tempo ; P Novos gerados ; P Novos Usados; P Homogeneos gerados; P Homogeneos usados
;0.04;102.32;30.24;100.58;21.14;

Relaxado ;Tempo ; Iterações ; K ; K medio 
;0.48;11.78;8;10.0098
Inteiro ;Tempo ; P Novos gerados ; P Novos Usados; P Homogeneos gerados; P Homogeneos usados
;0.02;107.4;30.82;100.58;20.9;