

Relaxado ;Tempo ; Iterações ; K ; K medio 
;1.72;81.64;1;1.0956
Inteiro ;Tempo ; P Novos gerados ; P Novos Usados; P Homogeneos gerados; P Homogeneos usados
;0.02;87.6;30.82;100.58;22.64;

Relaxado ;Tempo ; Iterações ; K ; K medio 
;1.02;45.24;2;2.25267
Inteiro ;Tempo ; P Novos gerados ; P Novos Usados; P Homogeneos gerados; P Homogeneos usados
;0.06;99.28;30.4;100.58;21.18;

Relaxado ;Tempo ; Iterações ; K ; K medio 
;0.64;23.48;4;4.66601
Inteiro ;Tempo ; P Novos gerados ; P Novos Usados; P Homogeneos gerados; P Homogeneos usados
;0.06;104.38;30.64;100.58;21.12;

Relaxado ;Tempo ; Iterações ; K ; K medio 
;0.46;14.96;6;7.34398
Inteiro ;Tempo ; P Novos gerados ; P Novos Usados; P Homogeneos gerados; P Homogeneos usados
;0.04;102.26;30.28;100.58;21.02;

Relaxado ;Tempo ; Iterações ; K ; K medio 
;0.46;11.78;8;10.0177
Inteiro ;Tempo ; P Novos gerados ; P Novos Usados; P Homogeneos gerados; P Homogeneos usados
;0.04;107.5;31.06;100.58;20.88;