

Relaxado ;Tempo ; Iterações ; K ; K medio 
;1.66;76.86;1;1.09519
Inteiro ;Tempo ; P Novos gerados ; P Novos Usados; P Homogeneos gerados; P Homogeneos usados
;0.1;82.5;30.92;100.06;22.94;

Relaxado ;Tempo ; Iterações ; K ; K medio 
;1.06;44.08;2;2.26078
Inteiro ;Tempo ; P Novos gerados ; P Novos Usados; P Homogeneos gerados; P Homogeneos usados
;0.04;96.74;30.96;100.06;21.52;

Relaxado ;Tempo ; Iterações ; K ; K medio 
;0.6;22.3;4;4.70011
Inteiro ;Tempo ; P Novos gerados ; P Novos Usados; P Homogeneos gerados; P Homogeneos usados
;0.06;99.32;30.72;100.06;21.6;

Relaxado ;Tempo ; Iterações ; K ; K medio 
;0.52;14.98;6;7.3311
Inteiro ;Tempo ; P Novos gerados ; P Novos Usados; P Homogeneos gerados; P Homogeneos usados
;0;101.74;31.28;100.06;21.46;

Relaxado ;Tempo ; Iterações ; K ; K medio 
;0.42;11.52;8;10.037
Inteiro ;Tempo ; P Novos gerados ; P Novos Usados; P Homogeneos gerados; P Homogeneos usados
;0.02;104.74;30.7;100.06;21.44;