

Relaxado ;Tempo ; Iterações ; K ; K medio 
;63.56;153.68;1;1.90989
Inteiro ;Tempo ; P Novos gerados ; P Novos Usados; P Homogeneos gerados; P Homogeneos usados
;78.42;290.52;59.56;199;1.28;

Relaxado ;Tempo ; Iterações ; K ; K medio 
;47.66;100.84;2;3.99729
Inteiro ;Tempo ; P Novos gerados ; P Novos Usados; P Homogeneos gerados; P Homogeneos usados
;69;397.82;59.08;199;0.86;

Relaxado ;Tempo ; Iterações ; K ; K medio 
;40.7;66.76;4;7.55264
Inteiro ;Tempo ; P Novos gerados ; P Novos Usados; P Homogeneos gerados; P Homogeneos usados
;79.94;496.26;59.44;199;0.66;

Relaxado ;Tempo ; Iterações ; K ; K medio 
;41.3;53.48;6;10.4826
Inteiro ;Tempo ; P Novos gerados ; P Novos Usados; P Homogeneos gerados; P Homogeneos usados
;71.68;550.04;58.92;199;0.5;

Relaxado ;Tempo ; Iterações ; K ; K medio 
;42.76;44.9;8;13.0129
Inteiro ;Tempo ; P Novos gerados ; P Novos Usados; P Homogeneos gerados; P Homogeneos usados
;88.24;570.58;59.48;199;0.46;