

Relaxado ;Tempo ; Iterações ; K ; K medio 
;63;148;1;1.98717
Inteiro ;Tempo ; P Novos gerados ; P Novos Usados; P Homogeneos gerados; P Homogeneos usados
;31.02;291.04;56;199;1.22;

Relaxado ;Tempo ; Iterações ; K ; K medio 
;47.04;96.72;2;4.14331
Inteiro ;Tempo ; P Novos gerados ; P Novos Usados; P Homogeneos gerados; P Homogeneos usados
;29.66;395.62;56.3;199;0.88;

Relaxado ;Tempo ; Iterações ; K ; K medio 
;39.96;63.44;4;7.81229
Inteiro ;Tempo ; P Novos gerados ; P Novos Usados; P Homogeneos gerados; P Homogeneos usados
;33.02;487.04;56;199;0.68;

Relaxado ;Tempo ; Iterações ; K ; K medio 
;42.04;51.14;6;10.7002
Inteiro ;Tempo ; P Novos gerados ; P Novos Usados; P Homogeneos gerados; P Homogeneos usados
;30.64;536.2;56.04;199;0.44;

Relaxado ;Tempo ; Iterações ; K ; K medio 
;42.42;42.32;8;13.4364
Inteiro ;Tempo ; P Novos gerados ; P Novos Usados; P Homogeneos gerados; P Homogeneos usados
;42.54;554.42;55.88;199;0.3;