

Relaxado ;Tempo ; Iterações ; K ; K medio 
;60.12;136.38;1;2.25694
Inteiro ;Tempo ; P Novos gerados ; P Novos Usados; P Homogeneos gerados; P Homogeneos usados
;0.64;304.12;40.12;199;4.42;

Relaxado ;Tempo ; Iterações ; K ; K medio 
;44.56;85.34;2;4.63496
Inteiro ;Tempo ; P Novos gerados ; P Novos Usados; P Homogeneos gerados; P Homogeneos usados
;0.6;389.34;40.42;199;3.68;

Relaxado ;Tempo ; Iterações ; K ; K medio 
;38.64;55.3;4;8.8656
Inteiro ;Tempo ; P Novos gerados ; P Novos Usados; P Homogeneos gerados; P Homogeneos usados
;0.82;480.44;40.42;199;2.98;

Relaxado ;Tempo ; Iterações ; K ; K medio 
;40.1;43.86;6;12.5062
Inteiro ;Tempo ; P Novos gerados ; P Novos Usados; P Homogeneos gerados; P Homogeneos usados
;0.82;534.9;41.28;199;2.24;

Relaxado ;Tempo ; Iterações ; K ; K medio 
;39.74;35.78;8;16.1709
Inteiro ;Tempo ; P Novos gerados ; P Novos Usados; P Homogeneos gerados; P Homogeneos usados
;0.78;561.22;41.06;199;2.08;