

Relaxado ;Tempo ; Iterações ; K ; K medio 
;1.68;76.86;1;1.09519
Inteiro ;Tempo ; P Novos gerados ; P Novos Usados; P Homogeneos gerados; P Homogeneos usados
;0.04;82.5;30.92;100.06;22.94;

Relaxado ;Tempo ; Iterações ; K ; K medio 
;1.08;44.2;2;2.26068
Inteiro ;Tempo ; P Novos gerados ; P Novos Usados; P Homogeneos gerados; P Homogeneos usados
;0.04;97;31;100.06;21.52;

Relaxado ;Tempo ; Iterações ; K ; K medio 
;0.58;22.34;4;4.70006
Inteiro ;Tempo ; P Novos gerados ; P Novos Usados; P Homogeneos gerados; P Homogeneos usados
;0.04;99.5;30.68;100.06;21.6;

Relaxado ;Tempo ; Iterações ; K ; K medio 
;0.48;15;6;7.3261
Inteiro ;Tempo ; P Novos gerados ; P Novos Usados; P Homogeneos gerados; P Homogeneos usados
;0.06;101.86;31.22;100.06;21.46;

Relaxado ;Tempo ; Iterações ; K ; K medio 
;0.44;11.52;8;10.0343
Inteiro ;Tempo ; P Novos gerados ; P Novos Usados; P Homogeneos gerados; P Homogeneos usados
;0.04;104.76;30.68;100.06;21.42;