

Relaxado ;Tempo ; Iterações ; K ; K medio 
;1.82;81.82;1;1.09523
Inteiro ;Tempo ; P Novos gerados ; P Novos Usados; P Homogeneos gerados; P Homogeneos usados
;0;87.76;30.86;100.58;22.62;

Relaxado ;Tempo ; Iterações ; K ; K medio 
;1.1;45.16;2;2.25322
Inteiro ;Tempo ; P Novos gerados ; P Novos Usados; P Homogeneos gerados; P Homogeneos usados
;0.04;99.12;30.58;100.58;21.2;

Relaxado ;Tempo ; Iterações ; K ; K medio 
;0.64;23.38;4;4.67233
Inteiro ;Tempo ; P Novos gerados ; P Novos Usados; P Homogeneos gerados; P Homogeneos usados
;0.02;104.04;30.56;100.58;21.18;

Relaxado ;Tempo ; Iterações ; K ; K medio 
;0.52;14.86;6;7.35808
Inteiro ;Tempo ; P Novos gerados ; P Novos Usados; P Homogeneos gerados; P Homogeneos usados
;0;101.72;30.46;100.58;21;

Relaxado ;Tempo ; Iterações ; K ; K medio 
;0.44;11.74;8;10.0293
Inteiro ;Tempo ; P Novos gerados ; P Novos Usados; P Homogeneos gerados; P Homogeneos usados
;0.06;107.26;30.96;100.58;20.86;