

Relaxado ;Tempo ; Iterações ; K ; K medio 
;1.66;78.6;1;1.1077
Inteiro ;Tempo ; P Novos gerados ; P Novos Usados; P Homogeneos gerados; P Homogeneos usados
;0.04;85.24;27.48;99.22;23.44;

Relaxado ;Tempo ; Iterações ; K ; K medio 
;1.02;43.72;2;2.28518
Inteiro ;Tempo ; P Novos gerados ; P Novos Usados; P Homogeneos gerados; P Homogeneos usados
;0.02;96.9;27.02;99.22;21.92;

Relaxado ;Tempo ; Iterações ; K ; K medio 
;0.56;21.88;4;4.73867
Inteiro ;Tempo ; P Novos gerados ; P Novos Usados; P Homogeneos gerados; P Homogeneos usados
;0.04;98.28;26.76;99.22;21.7;

Relaxado ;Tempo ; Iterações ; K ; K medio 
;0.46;14.68;6;7.45186
Inteiro ;Tempo ; P Novos gerados ; P Novos Usados; P Homogeneos gerados; P Homogeneos usados
;0.08;101.16;26.96;99.22;21.66;

Relaxado ;Tempo ; Iterações ; K ; K medio 
;0.42;11.4;8;10.192
Inteiro ;Tempo ; P Novos gerados ; P Novos Usados; P Homogeneos gerados; P Homogeneos usados
;0.04;105.24;27.1;99.22;21.64;