

Relaxado ;Tempo ; Iterações ; K ; K medio 
;0.9;60.08;2;1.14222
Inteiro ;Tempo ; P Novos gerados ; P Novos Usados; P Homogeneos gerados; P Homogeneos usados
;0.08;67.12;30.64;100.58;22.9;

Relaxado ;Tempo ; Iterações ; K ; K medio 
;0.96;60.08;4;1.14222
Inteiro ;Tempo ; P Novos gerados ; P Novos Usados; P Homogeneos gerados; P Homogeneos usados
;0;67.12;30.64;100.58;22.9;

Relaxado ;Tempo ; Iterações ; K ; K medio 
;1.06;60.08;6;1.14222
Inteiro ;Tempo ; P Novos gerados ; P Novos Usados; P Homogeneos gerados; P Homogeneos usados
;0;67.12;30.64;100.58;22.9;

Relaxado ;Tempo ; Iterações ; K ; K medio 
;1.04;60.08;8;1.14222
Inteiro ;Tempo ; P Novos gerados ; P Novos Usados; P Homogeneos gerados; P Homogeneos usados
;0;67.12;30.64;100.58;22.9;