

Relaxado ;Tempo ; Iterações ; K ; K medio 
;14.66;120.48;2;2.62872
Inteiro ;Tempo ; P Novos gerados ; P Novos Usados; P Homogeneos gerados; P Homogeneos usados
;77.86;313.04;61.1;199;1.16;

Relaxado ;Tempo ; Iterações ; K ; K medio 
;12.28;107.44;4;3.19293
Inteiro ;Tempo ; P Novos gerados ; P Novos Usados; P Homogeneos gerados; P Homogeneos usados
;93.66;338.52;61;199;1.04;

Relaxado ;Tempo ; Iterações ; K ; K medio 
;12.12;105.1;6;3.30831
Inteiro ;Tempo ; P Novos gerados ; P Novos Usados; P Homogeneos gerados; P Homogeneos usados
;85.7;343.04;61.26;199;0.82;

Relaxado ;Tempo ; Iterações ; K ; K medio 
;11.96;104.64;8;3.37467
Inteiro ;Tempo ; P Novos gerados ; P Novos Usados; P Homogeneos gerados; P Homogeneos usados
;92.48;348.32;61.9;199;0.84;