

Relaxado ;Tempo ; Iterações ; K ; K medio 
;11.8;115.6;2;2.9345
Inteiro ;Tempo ; P Novos gerados ; P Novos Usados; P Homogeneos gerados; P Homogeneos usados
;1.56;335.22;38.98;199;5.46;

Relaxado ;Tempo ; Iterações ; K ; K medio 
;9.84;103.04;4;3.45247
Inteiro ;Tempo ; P Novos gerados ; P Novos Usados; P Homogeneos gerados; P Homogeneos usados
;1.06;351.5;39.82;199;4.64;

Relaxado ;Tempo ; Iterações ; K ; K medio 
;9.54;100.5;6;3.67208
Inteiro ;Tempo ; P Novos gerados ; P Novos Usados; P Homogeneos gerados; P Homogeneos usados
;0.88;364.16;39.82;199;4.96;

Relaxado ;Tempo ; Iterações ; K ; K medio 
;9.4;100.44;8;3.71351
Inteiro ;Tempo ; P Novos gerados ; P Novos Usados; P Homogeneos gerados; P Homogeneos usados
;1.16;367.94;39.58;199;4.58;