

Relaxado ;Tempo ; Iterações ; K ; K medio 
;1;54.96;2;1.29257
Inteiro ;Tempo ; P Novos gerados ; P Novos Usados; P Homogeneos gerados; P Homogeneos usados
;0.04;69.2;27.64;99.22;22.32;

Relaxado ;Tempo ; Iterações ; K ; K medio 
;1.02;54.96;4;1.29286
Inteiro ;Tempo ; P Novos gerados ; P Novos Usados; P Homogeneos gerados; P Homogeneos usados
;0.02;69.22;27.64;99.22;22.32;

Relaxado ;Tempo ; Iterações ; K ; K medio 
;0.96;54.96;6;1.29286
Inteiro ;Tempo ; P Novos gerados ; P Novos Usados; P Homogeneos gerados; P Homogeneos usados
;0;69.22;27.64;99.22;22.32;

Relaxado ;Tempo ; Iterações ; K ; K medio 
;0.98;54.96;8;1.29286
Inteiro ;Tempo ; P Novos gerados ; P Novos Usados; P Homogeneos gerados; P Homogeneos usados
;0.02;69.22;27.64;99.22;22.32;