

Relaxado ;Tempo ; Iterações ; K ; K medio 
;11.4;109.6;2;3.20087
Inteiro ;Tempo ; P Novos gerados ; P Novos Usados; P Homogeneos gerados; P Homogeneos usados
;0.52;346.38;40.12;199;4.78;

Relaxado ;Tempo ; Iterações ; K ; K medio 
;9.44;96.34;4;3.87354
Inteiro ;Tempo ; P Novos gerados ; P Novos Usados; P Homogeneos gerados; P Homogeneos usados
;0.76;367.94;39.78;199;4.44;

Relaxado ;Tempo ; Iterações ; K ; K medio 
;9.3;94.16;6;4.03791
Inteiro ;Tempo ; P Novos gerados ; P Novos Usados; P Homogeneos gerados; P Homogeneos usados
;1.18;375.14;40.62;199;3.86;

Relaxado ;Tempo ; Iterações ; K ; K medio 
;9.24;93.24;8;4.11306
Inteiro ;Tempo ; P Novos gerados ; P Novos Usados; P Homogeneos gerados; P Homogeneos usados
;0.98;377.96;40.66;199;3.62;